{"tissue_hires_scalef": 0.081396766, "tissue_lowres_scalef": 0.02441903, "fiducial_diameter_fullres": 291.46713000000005, "spot_diameter_fullres": 180.43203999999997}