{"tissue_lowres_scalef": 0.023613215529624747, "fiducial_diameter_fullres": 291.05798, "spot_diameter_fullres": 180.17874000000003}