{"tissue_lowres_scalef": 0.02398129459021963, "fiducial_diameter_fullres": 290.8373700000001, "spot_diameter_fullres": 180.04219000000003}