{"tissue_hires_scalef": 0.06900359, "tissue_lowres_scalef": 0.020701077, "fiducial_diameter_fullres": 291.56934, "spot_diameter_fullres": 180.49530000000004}