{"tissue_hires_scalef": 0.078382194, "tissue_lowres_scalef": 0.023514658, "fiducial_diameter_fullres": 290.6896999999999, "spot_diameter_fullres": 179.95075999999995}