{"tissue_lowres_scalef": 0.022647064374280483, "fiducial_diameter_fullres": 291.07468, "spot_diameter_fullres": 180.18909000000005}