{"tissue_hires_scalef": 0.081396766, "tissue_lowres_scalef": 0.02441903, "fiducial_diameter_fullres": 291.17374000000007, "spot_diameter_fullres": 180.25041}