{"tissue_lowres_scalef": 0.025069987047173357, "fiducial_diameter_fullres": 290.76523, "spot_diameter_fullres": 179.99753000000004}