{"tissue_lowres_scalef": 0.028312570781426953, "fiducial_diameter_fullres": 291.07898, "spot_diameter_fullres": 180.19175999999993}