{"tissue_lowres_scalef": 0.025577628101287407, "fiducial_diameter_fullres": 291.01398, "spot_diameter_fullres": 180.15152}