{"tissue_hires_scalef": 0.06900359, "tissue_lowres_scalef": 0.020701077, "fiducial_diameter_fullres": 290.49454000000003, "spot_diameter_fullres": 179.82996}