{"tissue_hires_scalef": 0.06863654, "tissue_lowres_scalef": 0.020590961, "fiducial_diameter_fullres": 290.95681999999994, "spot_diameter_fullres": 180.11611999999997}