{"tissue_lowres_scalef": 0.02167277718578988, "fiducial_diameter_fullres": 290.49454000000003, "spot_diameter_fullres": 179.82996}