{"tissue_hires_scalef": 0.08140008, "tissue_lowres_scalef": 0.024420025, "fiducial_diameter_fullres": 291.38879999999995, "spot_diameter_fullres": 180.38353000000004}