{"tissue_hires_scalef": 0.06863654, "tissue_lowres_scalef": 0.020590961, "fiducial_diameter_fullres": 291.4673, "spot_diameter_fullres": 180.43212999999994}