{"tissue_hires_scalef": 0.112365864, "tissue_lowres_scalef": 0.03370976, "fiducial_diameter_fullres": 210.96092000000002, "spot_diameter_fullres": 130.59486}