{"tissue_hires_scalef": 0.081396766, "tissue_lowres_scalef": 0.02441903, "fiducial_diameter_fullres": 290.26306000000005, "spot_diameter_fullres": 179.68665000000001}