{"tissue_hires_scalef": 0.07936508, "tissue_lowres_scalef": 0.023809524, "fiducial_diameter_fullres": 290.76523, "spot_diameter_fullres": 179.99753000000004}