{"tissue_hires_scalef": 0.078382194, "tissue_lowres_scalef": 0.023514658, "fiducial_diameter_fullres": 290.98467999999997, "spot_diameter_fullres": 180.13336}