{"tissue_lowres_scalef": 0.031914044839233, "fiducial_diameter_fullres": 291.38879999999995, "spot_diameter_fullres": 180.38353000000004}