{"tissue_lowres_scalef": 0.023153954502479403, "fiducial_diameter_fullres": 291.1767300000001, "spot_diameter_fullres": 180.25226999999998}