{"tissue_lowres_scalef": 0.030404378230465188, "fiducial_diameter_fullres": 290.38892, "spot_diameter_fullres": 179.76457000000002}