{"tissue_hires_scalef": 0.08140008, "tissue_lowres_scalef": 0.024420025, "fiducial_diameter_fullres": 291.07468, "spot_diameter_fullres": 180.18909000000005}