{"tissue_hires_scalef": 0.081396766, "tissue_lowres_scalef": 0.02441903, "fiducial_diameter_fullres": 290.9428, "spot_diameter_fullres": 180.10744999999997}