{"tissue_hires_scalef": 0.07936193, "tissue_lowres_scalef": 0.02380858, "fiducial_diameter_fullres": 291.1855499999999, "spot_diameter_fullres": 180.25770000000003}