{"tissue_hires_scalef": 0.07936193, "tissue_lowres_scalef": 0.02380858, "fiducial_diameter_fullres": 291.08856000000003, "spot_diameter_fullres": 180.19768}