{"tissue_hires_scalef": 0.07838526, "tissue_lowres_scalef": 0.023515578, "fiducial_diameter_fullres": 290.8373700000001, "spot_diameter_fullres": 180.04219000000003}