{"tissue_hires_scalef": 0.08140008, "tissue_lowres_scalef": 0.024420025, "fiducial_diameter_fullres": 290.38892, "spot_diameter_fullres": 179.76457000000002}