{"tissue_hires_scalef": 0.081396766, "tissue_lowres_scalef": 0.02441903, "fiducial_diameter_fullres": 291.0547200000001, "spot_diameter_fullres": 180.17672999999994}